{"initial_reset_timestamp": 1629602137.429104, "timestamps": [1629602137.4692411, 1629602137.5153267, 1629602137.548037, 1629602137.5805376, 1629602137.6594048, 1629602137.6989377, 1629602137.728369, 1629602137.7544932, 1629602137.7974088, 1629602137.996848, 1629602138.1813989, 1629602138.553258, 1629602138.9528642, 1629602139.108453, 1629602139.2960858, 1629602139.485708, 1629602139.6221445, 1629602139.8472958, 1629602140.1280882, 1629602140.5232143, 1629602140.7828724, 1629602140.896804, 1629602141.170556, 1629602141.2980907, 1629602141.6176941, 1629602141.826478, 1629602141.9911697, 1629602142.1393015, 1629602142.3331733, 1629602142.5282538, 1629602142.703564, 1629602142.8494039, 1629602142.9861116, 1629602143.2312872, 1629602143.3718796, 1629602143.4684043, 1629602143.5772185, 1629602143.8378441, 1629602144.0146873, 1629602144.1634204, 1629602144.3582084, 1629602144.5131948, 1629602144.7537615, 1629602144.9473803, 1629602145.1793907, 1629602145.443327, 1629602145.5846794, 1629602145.8364687, 1629602146.1264317, 1629602146.367525, 1629602146.5867393, 1629602146.7726908, 1629602146.928312, 1629602147.1299274, 1629602147.2408807, 1629602147.4243445, 1629602147.649148, 1629602147.9223907, 1629602148.1176403, 1629602148.3194637, 1629602148.5294175, 1629602148.7747967, 1629602148.922025, 1629602149.3425376, 1629602149.5555887, 1629602149.7323103, 1629602149.9933982, 1629602150.2243707, 1629602150.4413, 1629602150.7692132, 1629602151.0647526, 1629602151.2774131, 1629602151.4759922, 1629602151.6878316, 1629602151.904327, 1629602152.0785084, 1629602152.2498565, 1629602152.6745114, 1629602152.840442, 1629602153.2317588, 1629602153.704821, 1629602153.9133065, 1629602154.1910093, 1629602154.4923904, 1629602154.8418953, 1629602154.9892726, 1629602155.2327435, 1629602155.5405343, 1629602155.818151, 1629602156.282032, 1629602156.5462868, 1629602157.2092748, 1629602157.5330107], "episode_lengths": [118, 130, 93, 101, 202, 122, 89, 85, 75, 116, 101, 190, 201, 94, 114, 122, 85, 138, 197, 254, 174, 82, 181, 88, 220, 152, 120, 114, 136, 132, 121, 99, 89, 156, 93, 76, 86, 186, 118, 95, 126, 104, 150, 128, 148, 167, 85, 156, 191, 163, 133, 129, 111, 140, 81, 130, 159, 185, 139, 145, 130, 162, 108, 268, 157, 128, 174, 158, 152, 184, 184, 152, 138, 128, 136, 123, 121, 278, 113, 212, 246, 120, 158, 184, 191, 92, 146, 137, 145, 237, 158, 363, 213], "episode_rewards": [-460.0352784821076, -643.5229046473554, -258.60464748640027, -251.7081805420566, -465.1096989827369, -203.82686751740732, -243.7616263145505, -365.12248698063496, -217.71543105083137, -435.2057622639699, -116.19350500002551, 103.82453585889246, -653.8971926276192, -257.36584632262435, -111.36140402938632, -175.48211919541768, -337.54509849860625, -299.0988298551923, -351.77725842294353, -319.857316983223, -270.6955007822693, -173.04692806103245, -184.51431027561745, 120.18220136536077, -344.3960936832392, -103.79528420887374, -81.14018466317945, -253.73146389686485, -286.8670960620042, -477.85652725570384, -263.15068516420996, -197.9653690468569, -380.69093040134555, -171.4392641632192, -130.70294369371746, -402.11893995290626, -400.3575408510597, -323.5238946288154, -194.7109243423622, -353.41673022699547, -315.66426517916636, -190.20121943266275, 148.54026257047042, -295.11343603330727, -161.57194223053114, -329.6821722029557, -244.05976039054178, -98.25972902599801, -273.9260884614095, -414.9495272818221, -30.75849007287053, -242.80428236329422, -123.69367431152781, -216.59333393942222, -157.56260745162407, -20.270227901059357, -175.43639875446775, -172.2839550909552, -400.23622887779965, -346.2604115150468, 147.45436982099608, -294.7426840027976, -223.09577228847382, -424.7867141730865, -78.57062845015156, -265.40397260250836, -24.401068923447724, -188.85665707813985, -177.49244836392202, -102.45643455890631, -196.54682076142427, -296.6274240555805, -417.2028126713924, -103.11827987548865, -246.64387390411517, -154.4586392287124, -310.8288829446812, -197.02988123041848, -57.63347488889206, -55.39721011845106, -124.70217639891519, -59.2159255214105, -158.6046932771112, -145.14322314527695, -354.96656333483566, -167.3925038235766, -130.89281687107635, -316.5707966256462, -317.7370419841678, 171.03732527932607, -143.87974510651628, 159.9805972745561, -196.96480265313292], "episode_types": ["t", "t", "t", "t", "t", "t", "t", "t", "t", "t", "t", "t", "t", "t", "t", "t", "t", "t", "t", "t", "t", "t", "t", "t", "t", "t", "t", "t", "t", "t", "t", "t", "t", "t", "t", "t", "t", "t", "t", "t", "t", "t", "t", "t", "t", "t", "t", "t", "t", "t", "t", "t", "t", "t", "t", "t", "t", "t", "t", "t", "t", "t", "t", "t", "t", "t", "t", "t", "t", "t", "t", "t", "t", "t", "t", "t", "t", "t", "t", "t", "t", "t", "t", "t", "t", "t", "t", "t", "t", "t", "t", "t", "t", "t"]}