{"initial_reset_timestamp": 1629598741.5883226, "timestamps": [1629598741.631138, 1629598741.6782334, 1629598741.7092361, 1629598741.741627, 1629598741.8227084, 1629598741.8627868, 1629598741.8925035, 1629598741.9190297, 1629598741.9577188, 1629598742.1176357, 1629598742.2648747, 1629598742.5791135, 1629598742.915494, 1629598743.0445244, 1629598743.422535, 1629598743.5583303, 1629598743.8312495, 1629598744.2993581, 1629598744.3843946, 1629598744.5454097, 1629598744.6541576, 1629598744.7830744, 1629598744.9172409, 1629598745.074871, 1629598745.2751558, 1629598745.5327168, 1629598745.6699371, 1629598745.779306, 1629598745.9689205, 1629598746.1790395, 1629598746.326776, 1629598746.489544, 1629598746.6427658, 1629598746.9748263, 1629598747.2287874, 1629598747.4607987, 1629598747.6663747, 1629598747.8073454, 1629598747.971907, 1629598748.1141913, 1629598748.452342, 1629598748.557267, 1629598748.8017929, 1629598749.1277223, 1629598749.2809, 1629598749.7119484, 1629598749.8858829, 1629598750.2319818, 1629598750.4597914, 1629598750.7145672, 1629598750.9522896, 1629598751.1209357, 1629598751.4316814, 1629598751.5510724, 1629598751.780486, 1629598752.01225, 1629598752.2506394, 1629598752.5278082, 1629598752.8117044, 1629598752.9822142, 1629598753.1992528, 1629598753.363842, 1629598753.5111868, 1629598753.7440414, 1629598754.189915, 1629598754.3308883, 1629598754.514448, 1629598754.8151777, 1629598755.0496757, 1629598755.2709641, 1629598755.5553856, 1629598755.686654, 1629598755.9669144, 1629598756.1437912, 1629598756.2994916, 1629598756.6175835, 1629598756.764214, 1629598756.9422917, 1629598757.1246781, 1629598757.3622959, 1629598757.6632428, 1629598758.0038347, 1629598758.2745852, 1629598758.432403, 1629598758.7626152, 1629598758.8869998, 1629598759.129844, 1629598759.3790956, 1629598759.6119792, 1629598759.794297, 1629598763.0222332, 1629598763.3365064, 1629598763.4901125, 1629598764.2257762, 1629598764.4415193, 1629598764.9107747, 1629598765.1463866, 1629598766.7119527, 1629598767.259386, 1629598769.9652395, 1629598770.1206532, 1629598772.9410772, 1629598773.3580003, 1629598773.4986126, 1629598776.3351693, 1629598777.2728581, 1629598779.4989562, 1629598780.3182712, 1629598782.8520129, 1629598783.8410268, 1629598784.7828, 1629598787.145454, 1629598790.386816, 1629598792.6127336, 1629598795.8291848, 1629598798.894939, 1629598800.8610373, 1629598803.6181746, 1629598805.945739, 1629598808.6026235, 1629598811.717854, 1629598813.9001193, 1629598816.0976026, 1629598818.031366, 1629598820.5863318, 1629598823.336287, 1629598825.4283993, 1629598825.8982189, 1629598828.1317587, 1629598831.4868276, 1629598833.6763196, 1629598837.152005, 1629598837.4165316, 1629598839.766612, 1629598840.0004988, 1629598841.8445644, 1629598842.161816, 1629598844.1895366, 1629598846.5665972, 1629598848.5595803, 1629598851.2508361, 1629598853.2066767, 1629598855.4481447], "episode_lengths": [118, 130, 93, 101, 202, 122, 89, 85, 75, 116, 101, 190, 206, 106, 247, 92, 185, 324, 73, 132, 94, 108, 94, 112, 141, 176, 100, 80, 131, 155, 101, 115, 108, 222, 176, 156, 145, 98, 129, 115, 244, 87, 191, 222, 106, 256, 121, 224, 159, 176, 163, 124, 219, 94, 165, 152, 178, 197, 184, 122, 145, 115, 96, 153, 283, 110, 145, 218, 152, 146, 187, 93, 184, 119, 107, 214, 114, 143, 142, 186, 214, 234, 194, 123, 236, 95, 164, 171, 156, 124, 999, 240, 119, 359, 155, 309, 182, 758, 341, 999, 90, 999, 258, 111, 999, 483, 999, 407, 999, 520, 523, 999, 999, 999, 999, 999, 999, 999, 999, 999, 999, 999, 999, 999, 999, 999, 999, 320, 999, 999, 999, 999, 182, 999, 174, 999, 206, 999, 999, 999, 999, 999, 961], "episode_rewards": [-460.0352784821076, -643.5229046473554, -258.60464748640027, -251.7081805420566, -465.1096989827369, -203.82686751740732, -243.7616263145505, -365.12248698063496, -217.71543105083137, -435.2057622639699, -116.19350500002551, 103.82453585889246, -626.0175488252921, -371.1652547941418, -238.81695953328165, -127.90233708988781, -244.8262385324323, -159.84528440884878, -261.7195945046596, -113.77019296625126, -142.89541511451336, -262.27778715621594, -177.39127569480496, -308.54766945473847, -160.84394696914396, -228.29874527603187, -237.7870476477924, -411.8715784377948, -203.35857103984102, -113.20196468054466, -327.8001803108783, -137.6138791720437, -200.79995180902733, -333.1874776009208, -405.6348566060016, -408.60289913138024, -308.84490707708096, -272.56070096584756, -398.98199430333386, -214.85777854564157, -142.00080773589124, -80.93091086770369, -365.9331297730567, -348.22409597975775, -209.751457086883, -240.7245796150794, -97.23006133915135, -281.11898282646223, -234.1125027176803, -343.13926772006295, -343.67741717473587, -115.05863806790394, -369.9011849702218, -287.2720679707845, -309.5214841031965, -94.63984968836465, -465.9797174369996, -121.4343138803963, 127.78735912571582, -130.07802325230776, -14.128841821318218, -170.64068529802768, -327.75954837155564, -498.62232439811004, -306.9026589078094, -309.87146352716036, -260.07926106018283, -247.31561281461848, -201.45856248683646, -199.6131554532679, 161.90674692255485, -78.98382923202367, -29.3209477095442, -6.848023658609648, -63.10708444897496, -170.40893703198543, -63.141661749607486, -459.7178458613804, -227.59162789055068, -237.51921843054512, -481.99413112464566, -99.70132487528241, -159.6466329077641, -57.20650586541113, -380.11735070486014, -103.54526685311518, -89.9199890811096, -136.51203600324862, -65.98285908889335, -387.05717754521504, -89.55772432877895, -357.8022987960065, -343.8590738787193, -215.08667720646724, -140.91584676585347, -71.5883127350717, -55.572961626690194, -330.65165257884763, -241.06032277861507, -53.94548616904043, -78.56426540396897, -115.073030037038, -87.63292497418902, -141.32714199268176, -76.91315198164209, -314.9200755479204, -112.74561632871274, 133.2494218063539, -134.8821859300176, -280.8921323281042, -190.38539195562632, -147.1718387745388, -92.32389855631502, -152.7192684864311, -125.56174720632835, -113.25345236082956, -134.48457685159232, -104.82010500801081, -150.70557066129408, -133.20335624514547, -163.35831719756027, -154.19559235905575, -136.0467641251716, -156.39597393558913, -150.51138003158533, -96.81380010261758, -136.24256069789377, -178.28376862212173, -87.23590050100519, -131.3298792434664, -104.41699510985468, -133.49987947803362, -149.01778646118808, -56.48020074472487, -140.9493680925843, -63.72909407106552, -107.73497324558096, -73.05505670550956, -65.17790681125074, -148.78135179789297, -103.43096183640812, -107.17894002361253, 54.918794456084235], "episode_types": ["t", "t", "t", "t", "t", "t", "t", "t", "t", "t", "t", "t", "t", "t", "t", "t", "t", "t", "t", "t", "t", "t", "t", "t", "t", "t", "t", "t", "t", "t", "t", "t", "t", "t", "t", "t", "t", "t", "t", "t", "t", "t", "t", "t", "t", "t", "t", "t", "t", "t", "t", "t", "t", "t", "t", "t", "t", "t", "t", "t", "t", "t", "t", "t", "t", "t", "t", "t", "t", "t", "t", "t", "t", "t", "t", "t", "t", "t", "t", "t", "t", "t", "t", "t", "t", "t", "t", "t", "t", "t", "t", "t", "t", "t", "t", "t", "t", "t", "t", "t", "t", "t", "t", "t", "t", "t", "t", "t", "t", "t", "t", "t", "t", "t", "t", "t", "t", "t", "t", "t", "t", "t", "t", "t", "t", "t", "t", "t", "t", "t", "t", "t", "t", "t", "t", "t", "t", "t", "t", "t", "t", "t", "t", "t"]}